{
  "epoch": 10,
  "train_loss": 0.26590436697006226,
  "val_loss": 0.22414331138134003,
  "num_parameters": 198851
}
