{
  "epoch": 5,
  "train_loss": 0.5116134285926819,
  "val_loss": 0.5160099267959595,
  "num_parameters": 198851
}
