{
  "epoch": 20,
  "train_loss": 0.10201355318228404,
  "val_loss": 0.1046353355050087,
  "num_parameters": 198851
}
