{
  "step": 500,
  "relative_l2_rho": 0.45634518044480826,
  "relative_l2_u": 1.026969269338548,
  "relative_l2_p": 0.5598193554637838
}
