{
  "step": 2000,
  "relative_l2_rho": 0.4498721373387116,
  "relative_l2_u": 0.9855494423431527,
  "relative_l2_p": 0.5625482492901311
}
