{
  "step": 1000,
  "relative_l2_rho": 0.454691047649897,
  "relative_l2_u": 0.9789274828065861,
  "relative_l2_p": 0.5580888246216444
}
